﻿<?xml version="1.0" encoding="UTF-8"?>
<!--HTML base galeria d'imatges amb imatges responsives amb VisualStudioCode-->
<series_escandinaves>
    <serie categoria="Policial" durada_capitol="50 min">
        <nom>Atrapats</nom>
        <temporades>3</temporades>
        <actors>
            <actor>Ólafur Darri</actor>
            <actor>Ilmur Kristjánsdóttir</actor>
        </actors>
        <pais>Islàndia</pais>
        <any_inici>2015</any_inici>
        <sinopsi>Un petit poble a Islàndia queda aïllat per una tempesta de neu, mentre la policia local intenta resoldre un cas d'assassinat misteriós.</sinopsi>
    </serie>

    <serie categoria="Suspens" durada_capitol="45 min">
        <nom>Deadwind</nom>
        <temporades>3</temporades>
        <actors>
            <actor>Pihla Viitala</actor>
            <actor>Lauri Tilkanen</actor>
        </actors>
        <pais>Finlàndia</pais>
        <any_inici>2018</any_inici>
        <sinopsi>Una detectiu torna a la feina poc després de la mort del seu marit, mentre investiga un assassinat que destapa una complexa trama criminal.</sinopsi>
    </serie>

    <serie categoria="Policial" durada_capitol="90 min">
        <nom>Wallander</nom>
        <temporades>3</temporades>
        <actors>
            <actor>Krister Henriksson</actor>
            <actor>Johanna Sällström</actor>
        </actors>
        <pais>Suecia</pais>
        <any_inici>2005</any_inici>
        <sinopsi>El detectiu Kurt Wallander lluita amb la seva vida personal mentre resol crims en un entorn rural i complex a Suècia.</sinopsi>
    </serie>

    <serie categoria="Polític" durada_capitol="58 min">
        <nom>Borgen</nom>
        <temporades>4</temporades>
        <actors>
            <actor>Sidse Babett</actor>
            <actor>Birgitte Hjort </actor>
        </actors>
        <pais>Dinamarca</pais>
        <any_inici>2010</any_inici>
        <sinopsi>Segueix la carrera política de la primera dona en convertir-se en primera ministra de Dinamarca, entrellaçant el poder i la intriga.</sinopsi>
    </serie>
</series_escandinaves>